panel,subgroup,measure,status,n,k,rate_pct,ci_low,ci_high,wilson_low,wilson_high,bootstrap_iters,seed
grok,all,sentence_only_gold_agreeing,estimated,1060,580,54.71698113207547,51.698113207547166,57.64150943396227,51.708748610047564,57.6911482609283,2000.0,20260914.0
grok,all,title_disclosure_gold_agreeing,estimated,1060,45,4.245283018867925,3.1132075471698113,5.566037735849057,3.1877321495321937,5.633268202001822,2000.0,20260915.0
grok,all,structured_disclosure_gold_agreeing,estimated,1060,10,0.9433962264150944,0.37735849056603776,1.6037735849056605,0.5132317255921002,1.7278408162588041,2000.0,20260916.0
grok,all,additional_evidence_gold_agreeing,estimated,1060,26,2.4528301886792456,1.6037735849056605,3.3962264150943398,1.6792934415419463,3.5697460990212386,2000.0,20260917.0
grok,all,nonmonotonic_judge_path,estimated,1060,8,0.7547169811320755,0.2830188679245283,1.3207547169811322,0.3829140979551672,1.4821625690567024,2000.0,20260918.0
grok,all,decisive_judge_fever_disagreement,estimated,1060,171,16.132075471698112,13.867924528301886,18.39622641509434,14.040682033055171,18.468058433338044,2000.0,20260919.0
grok,all,final_nondecisive,estimated,1060,220,20.754716981132077,18.39622641509434,23.20754716981132,18.42103707479518,23.299602325154396,2000.0,20260920.0
grok,all,nondecisive_A,estimated,1060,308,29.056603773584904,26.41509433962264,31.7948113207547,26.402906613234123,31.861551279632984,2000.0,20260934.0
grok,all,FEVER_agreement_decisive_A,estimated,752,599,79.65425531914893,76.72872340425532,82.57978723404256,76.62963914533768,82.37744425741852,2000.0,20260822.0
grok,all,nondecisive_B,estimated,1060,262,24.71698113207547,21.9811320754717,27.547169811320753,22.214544635456225,27.40200813611309,2000.0,20260935.0
grok,all,FEVER_agreement_decisive_B,estimated,798,633,79.32330827067669,76.31578947368422,82.08333333333331,76.37616839849855,81.989484169187,2000.0,20260822.0
grok,all,nondecisive_C,estimated,1060,220,20.754716981132077,18.39622641509434,23.20990566037735,18.42103707479518,23.299602325154396,2000.0,20260936.0
grok,all,FEVER_agreement_decisive_C,estimated,840,669,79.64285714285714,77.02083333333334,82.26190476190476,76.78781437178063,82.22801079221557,2000.0,20260822.0
grok,all,resolved_by_titles,estimated,1060,65,6.132075471698113,4.811320754716982,7.641509433962264,4.840113081396228,7.7408460185281385,2000.0,20260822.0
grok,all,resolved_at_C,estimated,1060,53,5.0,3.7735849056603774,6.320754716981132,3.8427964407973643,6.482187410092792,2000.0,20260822.0
grok,all,reversed_after_titles,estimated,1060,0,0.0,0.0,0.0,2.168404344971009e-17,0.3610931676557297,2000.0,20260822.0
grok,all,reversed_at_C,estimated,1060,0,0.0,0.0,0.0,2.168404344971009e-17,0.3610931676557297,2000.0,20260822.0
grok,all,change_A_B,estimated,1060,103,9.716981132075473,8.018867924528301,11.511792452830177,8.076677017689885,11.648203704176145,2000.0,20260822.0
grok,all,change_B_C,estimated,1060,80,7.547169811320755,6.037735849056604,9.245283018867925,6.105768892989103,9.295159268228026,2000.0,20260822.0
grok,all,change_A_C,estimated,1060,132,12.452830188679245,10.471698113207548,14.528301886792452,10.59967820086956,14.577142706162476,2000.0,20260822.0
grok,regression,sentence_only_gold_agreeing,estimated,226,77,34.070796460176986,27.876106194690266,40.26548672566372,28.204021248593087,40.470037657548616,2000.0,20260914.0
grok,regression,title_disclosure_gold_agreeing,estimated,226,10,4.424778761061947,1.7699115044247788,7.079646017699115,2.420935310345233,7.95206656000465,2000.0,20260915.0
grok,regression,structured_disclosure_gold_agreeing,estimated,226,2,0.8849557522123894,0.0,2.2123893805309733,0.2430232130949497,3.1686584141753134,2000.0,20260916.0
grok,regression,additional_evidence_gold_agreeing,estimated,226,17,7.52212389380531,4.424778761061947,11.061946902654867,4.749197665353027,11.714959417691526,2000.0,20260917.0
grok,regression,nonmonotonic_judge_path,estimated,226,5,2.2123893805309733,0.4424778761061947,4.424778761061947,0.9486157107508442,5.073561007674277,2000.0,20260918.0
grok,regression,decisive_judge_fever_disagreement,estimated,226,44,19.469026548672566,14.601769911504425,24.778761061946902,14.834908278045036,25.123704625393238,2000.0,20260919.0
grok,regression,final_nondecisive,estimated,226,71,31.41592920353982,25.221238938053098,37.16814159292036,25.717544723556617,37.73552400027537,2000.0,20260920.0
grok,regression,nondecisive_A,estimated,226,103,45.57522123893805,38.93805309734513,52.21238938053098,39.210073207333785,52.08827648881669,2000.0,20260934.0
grok,regression,FEVER_agreement_decisive_A,estimated,123,86,69.91869918699187,61.78861788617886,78.04878048780488,61.31159096431158,77.31931130918797,2000.0,20260822.0
grok,regression,nondecisive_B,estimated,226,95,42.0353982300885,35.84070796460177,48.67256637168141,35.78562437177219,48.55140508129867,2000.0,20260935.0
grok,regression,FEVER_agreement_decisive_B,estimated,131,89,67.93893129770993,60.30534351145038,75.57251908396947,59.533880974383536,75.32186770293535,2000.0,20260822.0
grok,regression,nondecisive_C,estimated,226,71,31.41592920353982,25.663716814159294,37.610619469026545,25.717544723556617,37.73552400027537,2000.0,20260936.0
grok,regression,FEVER_agreement_decisive_C,estimated,155,111,71.61290322580646,64.5,78.70967741935485,64.05907328543123,78.12135019888814,2000.0,20260822.0
grok,regression,resolved_by_titles,estimated,226,16,7.079646017699115,3.982300884955752,10.619469026548673,4.404435946131394,11.189556106528206,2000.0,20260822.0
grok,regression,resolved_at_C,estimated,226,27,11.946902654867257,7.964601769911504,16.371681415929203,8.341857000600857,16.82395038629322,2000.0,20260822.0
grok,regression,reversed_after_titles,estimated,226,0,0.0,0.0,0.0,0.0,1.6713515665003582,2000.0,20260822.0
grok,regression,reversed_at_C,estimated,226,0,0.0,0.0,0.0,0.0,1.6713515665003582,2000.0,20260822.0
grok,regression,change_A_B,estimated,226,28,12.389380530973451,8.4070796460177,16.8141592920354,8.71256110515263,17.323411312126407,2000.0,20260822.0
grok,regression,change_B_C,estimated,226,32,14.15929203539823,9.734513274336283,18.58407079646018,10.211540866937103,19.30509167188174,2000.0,20260822.0
grok,regression,change_A_C,estimated,226,45,19.911504424778762,15.04424778761062,25.221238938053098,15.22732402569354,25.60145390812969,2000.0,20260822.0
grok,resistant,sentence_only_gold_agreeing,estimated,334,73,21.856287425149702,17.664670658682635,26.34730538922156,17.757858928559845,26.594737506688272,2000.0,20260914.0
grok,resistant,title_disclosure_gold_agreeing,estimated,334,10,2.9940119760479043,1.4970059880239521,5.089820359281437,1.634265185178442,5.422730988587032,2000.0,20260915.0
grok,resistant,structured_disclosure_gold_agreeing,estimated,334,6,1.7964071856287425,0.5988023952095809,3.293413173652695,0.8258449754837774,3.863176578505021,2000.0,20260916.0
grok,resistant,additional_evidence_gold_agreeing,estimated,334,5,1.4970059880239521,0.29940119760479045,2.9940119760479043,0.6410821445745593,3.455945754470071,2000.0,20260917.0
grok,resistant,nonmonotonic_judge_path,estimated,334,1,0.29940119760479045,0.0,0.8982035928143712,0.052871228757874096,1.6761820505100797,2000.0,20260918.0
grok,resistant,decisive_judge_fever_disagreement,estimated,334,124,37.12574850299401,32.035928143712574,42.51497005988024,32.118178212910045,42.42609462449068,2000.0,20260919.0
grok,resistant,final_nondecisive,estimated,334,115,34.4311377245509,29.34131736526946,39.82035928143712,29.53847894288526,39.67785100001795,2000.0,20260920.0
grok,resistant,nondecisive_A,estimated,334,143,42.81437125748503,37.72455089820359,48.20359281437126,37.61913902345763,48.17301325788231,2000.0,20260934.0
grok,resistant,FEVER_agreement_decisive_A,estimated,191,77,40.31413612565445,33.50785340314136,47.12041884816754,33.61479207328414,47.3954096447663,2000.0,20260822.0
grok,resistant,nondecisive_B,estimated,334,126,37.72455089820359,32.634730538922156,42.81437125748503,32.69377458388221,43.03448556340686,2000.0,20260935.0
grok,resistant,FEVER_agreement_decisive_B,estimated,208,86,41.34615384615385,34.13461538461539,48.07692307692308,34.86977443036976,48.13638489269052,2000.0,20260822.0
grok,resistant,nondecisive_C,estimated,334,115,34.4311377245509,29.64071856287425,39.221556886227546,29.53847894288526,39.67785100001795,2000.0,20260936.0
grok,resistant,FEVER_agreement_decisive_C,estimated,219,95,43.37899543378995,36.986301369863014,49.77168949771689,36.9851635613383,50.00110005709379,2000.0,20260822.0
grok,resistant,resolved_by_titles,estimated,334,23,6.88622754491018,4.491017964071856,9.580838323353294,4.632157129854434,10.120756558185237,2000.0,20260822.0
grok,resistant,resolved_at_C,estimated,334,16,4.790419161676647,2.694610778443114,7.18562874251497,2.969887861763236,7.639070241667254,2000.0,20260822.0
grok,resistant,reversed_after_titles,estimated,334,0,0.0,0.0,0.0,0.0,1.137059624323785,2000.0,20260822.0
grok,resistant,reversed_at_C,estimated,334,0,0.0,0.0,0.0,0.0,1.137059624323785,2000.0,20260822.0
grok,resistant,change_A_B,estimated,334,38,11.377245508982035,8.08383233532934,14.97005988023952,8.402080358858912,15.230738153343292,2000.0,20260822.0
grok,resistant,change_B_C,estimated,334,31,9.281437125748502,6.58682634730539,12.574850299401197,6.615791135965768,12.873071791627256,2000.0,20260822.0
grok,resistant,change_A_C,estimated,334,50,14.97005988023952,11.377245508982035,18.862275449101794,11.543149450678767,19.19359292085346,2000.0,20260822.0
grok,rescue,sentence_only_gold_agreeing,estimated,250,205,82.0,77.2,86.4,76.76481206110243,86.2666567707414,2000.0,20260914.0
grok,rescue,title_disclosure_gold_agreeing,estimated,250,10,4.0,1.6,6.800000000000001,2.186991195151485,7.205272359072973,2000.0,20260915.0
grok,rescue,structured_disclosure_gold_agreeing,estimated,250,1,0.4,0.0,1.2,0.07064475338329525,2.2305785572587293,2000.0,20260916.0
grok,rescue,additional_evidence_gold_agreeing,estimated,250,2,0.8,0.0,2.0,0.2196637119721909,2.8694529590678823,2000.0,20260917.0
grok,rescue,nonmonotonic_judge_path,estimated,250,2,0.8,0.0,2.0,0.2196637119721909,2.8694529590678823,2000.0,20260918.0
grok,rescue,decisive_judge_fever_disagreement,estimated,250,3,1.2,0.0,2.8000000000000003,0.4089319879588724,3.468078043479249,2000.0,20260919.0
grok,rescue,final_nondecisive,estimated,250,27,10.8,6.800000000000001,14.799999999999999,7.52919483941564,15.257255841575637,2000.0,20260920.0
grok,rescue,nondecisive_A,estimated,250,38,15.2,10.8,19.6,11.278766727376437,20.174510917993366,2000.0,20260934.0
grok,rescue,FEVER_agreement_decisive_A,estimated,212,210,99.05660377358491,97.64150943396226,100.0,96.6261241087355,99.7409043271936,2000.0,20260822.0
grok,rescue,nondecisive_B,estimated,250,31,12.4,8.4,16.400000000000002,8.874849145941926,17.063174976641545,2000.0,20260935.0
grok,rescue,FEVER_agreement_decisive_B,estimated,219,218,99.54337899543378,98.63013698630137,100.0,97.45929844324249,99.91934965331745,2000.0,20260822.0
grok,rescue,nondecisive_C,estimated,250,27,10.8,7.199999999999999,14.799999999999999,7.52919483941564,15.257255841575637,2000.0,20260936.0
grok,rescue,FEVER_agreement_decisive_C,estimated,223,220,98.65470852017937,96.8609865470852,100.0,96.12008178900486,99.54144372155093,2000.0,20260822.0
grok,rescue,resolved_by_titles,estimated,250,11,4.3999999999999995,2.0,6.809999999999945,2.4743798164217212,7.705777098200784,2000.0,20260822.0
grok,rescue,resolved_at_C,estimated,250,7,2.8000000000000003,0.8,5.2,1.3628058598620367,5.665777613168277,2000.0,20260822.0
grok,rescue,reversed_after_titles,estimated,250,0,0.0,0.0,0.0,0.0,1.5133299502439765,2000.0,20260822.0
grok,rescue,reversed_at_C,estimated,250,0,0.0,0.0,0.0,0.0,1.5133299502439765,2000.0,20260822.0
grok,rescue,change_A_B,estimated,250,19,7.6,4.3999999999999995,10.8,4.919164065673699,11.564139732133194,2000.0,20260822.0
grok,rescue,change_B_C,estimated,250,13,5.2,2.8000000000000003,8.4,3.063765516044343,8.692178119374258,2000.0,20260822.0
grok,rescue,change_A_C,estimated,250,18,7.199999999999999,4.0,10.8,4.602556925345997,11.092853512062847,2000.0,20260822.0
grok,robust,sentence_only_gold_agreeing,estimated,250,225,90.0,86.0,93.60000000000001,85.65482893802674,93.13450710177808,2000.0,20260914.0
grok,robust,title_disclosure_gold_agreeing,estimated,250,15,6.0,3.2,8.809999999999944,3.669441083491908,9.662289272722788,2000.0,20260915.0
grok,robust,structured_disclosure_gold_agreeing,estimated,250,1,0.4,0.0,1.2,0.07064475338329525,2.2305785572587293,2000.0,20260916.0
grok,robust,additional_evidence_gold_agreeing,estimated,250,2,0.8,0.0,2.0,0.2196637119721909,2.8694529590678823,2000.0,20260917.0
grok,robust,nonmonotonic_judge_path,estimated,250,0,0.0,0.0,0.0,0.0,1.5133299502439765,2000.0,20260918.0
grok,robust,decisive_judge_fever_disagreement,estimated,250,0,0.0,0.0,0.0,0.0,1.5133299502439765,2000.0,20260919.0
grok,robust,final_nondecisive,estimated,250,7,2.8000000000000003,0.8,4.8,1.3628058598620367,5.665777613168277,2000.0,20260920.0
grok,robust,nondecisive_A,estimated,250,24,9.6,6.0,13.200000000000001,6.536188077281882,13.886582522515251,2000.0,20260934.0
grok,robust,FEVER_agreement_decisive_A,estimated,226,226,100.0,100.0,100.0,98.32864843349964,100.0,2000.0,20260822.0
grok,robust,nondecisive_B,estimated,250,10,4.0,1.6,6.800000000000001,2.186991195151485,7.205272359072973,2000.0,20260935.0
grok,robust,FEVER_agreement_decisive_B,estimated,240,240,100.0,100.0,100.0,98.42460800511635,99.99999999999999,2000.0,20260822.0
grok,robust,nondecisive_C,estimated,250,7,2.8000000000000003,1.2,5.2,1.3628058598620367,5.665777613168277,2000.0,20260936.0
grok,robust,FEVER_agreement_decisive_C,estimated,243,243,100.0,100.0,100.0,98.44375461042003,100.0,2000.0,20260822.0
grok,robust,resolved_by_titles,estimated,250,15,6.0,3.2,9.2,3.669441083491908,9.662289272722788,2000.0,20260822.0
grok,robust,resolved_at_C,estimated,250,3,1.2,0.0,2.8000000000000003,0.4089319879588724,3.468078043479249,2000.0,20260822.0
grok,robust,reversed_after_titles,estimated,250,0,0.0,0.0,0.0,0.0,1.5133299502439765,2000.0,20260822.0
grok,robust,reversed_at_C,estimated,250,0,0.0,0.0,0.0,0.0,1.5133299502439765,2000.0,20260822.0
grok,robust,change_A_B,estimated,250,18,7.199999999999999,4.3999999999999995,10.4,4.602556925345997,11.092853512062847,2000.0,20260822.0
grok,robust,change_B_C,estimated,250,4,1.6,0.4,3.2,0.6239224569182377,4.040980934917932,2000.0,20260822.0
grok,robust,change_A_C,estimated,250,19,7.6,4.3999999999999995,11.200000000000001,4.919164065673699,11.564139732133194,2000.0,20260822.0
grok,regression_both,sentence_only_gold_agreeing,estimated,40,7,17.5,7.5,30.0,8.745413744621553,31.949990335640944,2000.0,20260914.0
grok,regression_both,title_disclosure_gold_agreeing,estimated,40,0,0.0,0.0,0.0,0.0,8.762160123480768,2000.0,20260915.0
grok,regression_both,structured_disclosure_gold_agreeing,estimated,40,0,0.0,0.0,0.0,0.0,8.762160123480768,2000.0,20260916.0
grok,regression_both,additional_evidence_gold_agreeing,estimated,40,6,15.0,5.0,27.500000000000004,7.0611877160942385,29.072324370342294,2000.0,20260917.0
grok,regression_both,nonmonotonic_judge_path,estimated,40,0,0.0,0.0,0.0,0.0,8.762160123480768,2000.0,20260918.0
grok,regression_both,decisive_judge_fever_disagreement,estimated,40,9,22.5,10.0,35.0,12.316091321777487,37.50309674613693,2000.0,20260919.0
grok,regression_both,final_nondecisive,estimated,40,18,45.0,30.0,60.0,30.705307807935323,60.170908204412754,2000.0,20260920.0
grok,regression_both,nondecisive_A,estimated,40,25,62.5,47.5,77.5,47.03243913373699,75.7770208353928,2000.0,20260934.0
grok,regression_both,FEVER_agreement_decisive_A,estimated,15,7,46.666666666666664,20.0,73.33333333333333,24.809535361777062,69.8830199789698,2000.0,20260822.0
grok,regression_both,nondecisive_B,estimated,40,24,60.0,45.0,75.0,44.595893656849114,73.65167431845472,2000.0,20260935.0
grok,regression_both,FEVER_agreement_decisive_B,estimated,16,7,43.75,18.75,68.75,23.098652401800678,66.82144360579572,2000.0,20260822.0
grok,regression_both,nondecisive_C,estimated,40,18,45.0,30.0,60.0,30.705307807935323,60.170908204412754,2000.0,20260936.0
grok,regression_both,FEVER_agreement_decisive_C,estimated,22,13,59.09090909090909,36.36363636363637,77.27272727272727,38.73481847195907,76.74418380680422,2000.0,20260822.0
grok,regression_both,resolved_by_titles,estimated,40,1,2.5,0.0,7.5,0.4426831501224311,12.8813689671843,2000.0,20260822.0
grok,regression_both,resolved_at_C,estimated,40,6,15.0,5.0,27.500000000000004,7.0611877160942385,29.072324370342294,2000.0,20260822.0
grok,regression_both,reversed_after_titles,estimated,40,0,0.0,0.0,0.0,0.0,8.762160123480768,2000.0,20260822.0
grok,regression_both,reversed_at_C,estimated,40,0,0.0,0.0,0.0,0.0,8.762160123480768,2000.0,20260822.0
grok,regression_both,change_A_B,estimated,40,1,2.5,0.0,7.5,0.4426831501224311,12.8813689671843,2000.0,20260822.0
grok,regression_both,change_B_C,estimated,40,6,15.0,5.0,27.500000000000004,7.0611877160942385,29.072324370342294,2000.0,20260822.0
grok,regression_both,change_A_C,estimated,40,7,17.5,7.5,30.0,8.745413744621553,31.949990335640944,2000.0,20260822.0
grok,regression_gpt54_only,sentence_only_gold_agreeing,estimated,75,21,28.000000000000004,18.666666666666668,38.666666666666664,19.103158879406408,39.04069019079423,2000.0,20260914.0
grok,regression_gpt54_only,title_disclosure_gold_agreeing,estimated,75,6,8.0,2.666666666666667,14.666666666666666,3.7180124343865972,16.374790335996423,2000.0,20260915.0
grok,regression_gpt54_only,structured_disclosure_gold_agreeing,estimated,75,1,1.3333333333333335,0.0,4.0,0.23575511382733852,7.173365556616476,2000.0,20260916.0
grok,regression_gpt54_only,additional_evidence_gold_agreeing,estimated,75,7,9.333333333333334,2.666666666666667,16.0,4.594852338314144,18.03468685205672,2000.0,20260917.0
grok,regression_gpt54_only,nonmonotonic_judge_path,estimated,75,3,4.0,0.0,8.033333333333152,1.369606425697343,11.112987084722153,2000.0,20260918.0
grok,regression_gpt54_only,decisive_judge_fever_disagreement,estimated,75,12,16.0,8.0,24.0,9.396513602397649,25.916707687912417,2000.0,20260919.0
grok,regression_gpt54_only,final_nondecisive,estimated,75,25,33.33333333333333,22.666666666666664,44.0,23.70822086159402,44.58257388855797,2000.0,20260920.0
grok,regression_gpt54_only,nondecisive_A,estimated,75,37,49.333333333333336,37.333333333333336,61.33333333333333,38.330010245341626,60.401621544664465,2000.0,20260934.0
grok,regression_gpt54_only,FEVER_agreement_decisive_A,estimated,38,26,68.42105263157895,52.63157894736842,81.57894736842105,52.54424010560328,80.9153963267492,2000.0,20260822.0
grok,regression_gpt54_only,nondecisive_B,estimated,75,36,48.0,37.333333333333336,58.666666666666664,37.06911114033047,59.125784229687774,2000.0,20260935.0
grok,regression_gpt54_only,FEVER_agreement_decisive_B,estimated,39,28,71.7948717948718,56.41025641025641,84.61538461538461,56.22468051317553,83.45650791328603,2000.0,20260822.0
grok,regression_gpt54_only,nondecisive_C,estimated,75,25,33.33333333333333,23.966666666666665,44.0,23.70822086159402,44.58257388855797,2000.0,20260936.0
grok,regression_gpt54_only,FEVER_agreement_decisive_C,estimated,50,38,76.0,64.0,86.0,62.58731623866494,85.70260860478336,2000.0,20260822.0
grok,regression_gpt54_only,resolved_by_titles,estimated,75,6,8.0,2.666666666666667,14.666666666666666,3.7180124343865972,16.374790335996423,2000.0,20260822.0
grok,regression_gpt54_only,resolved_at_C,estimated,75,12,16.0,8.0,25.333333333333336,9.396513602397649,25.916707687912417,2000.0,20260822.0
grok,regression_gpt54_only,reversed_after_titles,estimated,75,0,0.0,0.0,0.0,3.469446951953614e-16,4.8723842504559745,2000.0,20260822.0
grok,regression_gpt54_only,reversed_at_C,estimated,75,0,0.0,0.0,0.0,3.469446951953614e-16,4.8723842504559745,2000.0,20260822.0
grok,regression_gpt54_only,change_A_B,estimated,75,12,16.0,8.0,25.333333333333336,9.396513602397649,25.916707687912417,2000.0,20260822.0
grok,regression_gpt54_only,change_B_C,estimated,75,14,18.666666666666668,10.666666666666668,28.000000000000004,11.458109605201114,28.928584525084627,2000.0,20260822.0
grok,regression_gpt54_only,change_A_C,estimated,75,17,22.666666666666664,13.333333333333334,33.33333333333333,14.661367915258475,33.3355354749908,2000.0,20260822.0
grok,regression_mini_only,sentence_only_gold_agreeing,estimated,111,49,44.14414414414414,35.13513513513514,53.153153153153156,35.25615880318919,53.423887468172396,2000.0,20260914.0
grok,regression_mini_only,title_disclosure_gold_agreeing,estimated,111,4,3.6036036036036037,0.9009009009009009,7.207207207207207,1.4101302506318094,8.90100559169465,2000.0,20260915.0
grok,regression_mini_only,structured_disclosure_gold_agreeing,estimated,111,1,0.9009009009009009,0.0,2.7027027027027026,0.159208548654384,4.927333265069734,2000.0,20260916.0
grok,regression_mini_only,additional_evidence_gold_agreeing,estimated,111,4,3.6036036036036037,0.9009009009009009,7.207207207207207,1.4101302506318094,8.90100559169465,2000.0,20260917.0
grok,regression_mini_only,nonmonotonic_judge_path,estimated,111,2,1.8018018018018018,0.0,4.504504504504505,0.49551787072019193,6.332555285871375,2000.0,20260918.0
grok,regression_mini_only,decisive_judge_fever_disagreement,estimated,111,23,20.72072072072072,13.513513513513514,28.82882882882883,14.222917154636797,29.177314202171157,2000.0,20260919.0
grok,regression_mini_only,final_nondecisive,estimated,111,28,25.225225225225223,17.117117117117118,33.33333333333333,18.06766112297396,34.040226948171224,2000.0,20260920.0
grok,regression_mini_only,nondecisive_A,estimated,111,41,36.93693693693694,27.927927927927925,45.94594594594595,28.536016248077207,46.21177928034479,2000.0,20260934.0
grok,regression_mini_only,FEVER_agreement_decisive_A,estimated,70,53,75.71428571428571,65.71428571428571,85.71428571428571,64.50496076753099,84.24813887875062,2000.0,20260822.0
grok,regression_mini_only,nondecisive_B,estimated,111,35,31.53153153153153,23.423423423423422,40.54054054054054,23.628881340219316,40.669726130998,2000.0,20260935.0
grok,regression_mini_only,FEVER_agreement_decisive_B,estimated,76,54,71.05263157894737,60.526315789473685,80.26315789473685,60.04044482017111,80.0389831761812,2000.0,20260822.0
grok,regression_mini_only,nondecisive_C,estimated,111,28,25.225225225225223,17.117117117117118,33.33333333333333,18.06766112297396,34.040226948171224,2000.0,20260936.0
grok,regression_mini_only,FEVER_agreement_decisive_C,estimated,83,60,72.28915662650603,62.65060240963856,81.92771084337349,61.838305519780064,80.76807224228351,2000.0,20260822.0
grok,regression_mini_only,resolved_by_titles,estimated,111,9,8.108108108108109,3.6036036036036037,13.513513513513514,4.32420025783023,14.69459229883347,2000.0,20260822.0
grok,regression_mini_only,resolved_at_C,estimated,111,9,8.108108108108109,3.6036036036036037,13.513513513513514,4.32420025783023,14.69459229883347,2000.0,20260822.0
grok,regression_mini_only,reversed_after_titles,estimated,111,0,0.0,0.0,0.0,0.0,3.3450104708566712,2000.0,20260822.0
grok,regression_mini_only,reversed_at_C,estimated,111,0,0.0,0.0,0.0,0.0,3.3450104708566712,2000.0,20260822.0
grok,regression_mini_only,change_A_B,estimated,111,15,13.513513513513514,7.207207207207207,19.81981981981982,8.36343967575,21.104540938118383,2000.0,20260822.0
grok,regression_mini_only,change_B_C,estimated,111,12,10.81081081081081,5.405405405405405,17.117117117117118,6.293206948165811,17.95017963710023,2000.0,20260822.0
grok,regression_mini_only,change_A_C,estimated,111,21,18.91891891891892,11.711711711711711,26.126126126126124,12.720335870690949,27.19683280038212,2000.0,20260822.0
claude_full,all,sentence_only_gold_agreeing,estimated,226,106,46.902654867256636,40.26548672566372,53.53982300884957,40.5025910921243,53.406253695181036,2000.0,20260914.0
claude_full,all,title_disclosure_gold_agreeing,estimated,226,3,1.3274336283185841,0.0,3.0973451327433628,0.45245561677667473,3.8293910408785408,2000.0,20260915.0
claude_full,all,structured_disclosure_gold_agreeing,estimated,226,3,1.3274336283185841,0.0,3.0973451327433628,0.45245561677667473,3.8293910408785408,2000.0,20260916.0
claude_full,all,additional_evidence_gold_agreeing,estimated,226,14,6.1946902654867255,3.5287610619469034,9.734513274336283,3.725555040215023,10.12810695167467,2000.0,20260917.0
claude_full,all,nonmonotonic_judge_path,estimated,226,5,2.2123893805309733,0.4424778761061947,4.424778761061947,0.9486157107508442,5.073561007674277,2000.0,20260918.0
claude_full,all,decisive_judge_fever_disagreement,estimated,226,54,23.893805309734514,18.141592920353983,29.646017699115045,18.799910033038863,29.86035317424894,2000.0,20260919.0
claude_full,all,final_nondecisive,estimated,226,41,18.141592920353983,13.274336283185843,23.451327433628318,13.663690550697222,23.684427261586194,2000.0,20260920.0
claude_full,all,nondecisive_A,estimated,226,66,29.20353982300885,23.451327433628318,34.95575221238938,23.66247780513322,35.43976576677401,2000.0,20260934.0
claude_full,all,FEVER_agreement_decisive_A,estimated,160,110,68.75,61.25000000000001,75.625,61.199410114484195,75.42135756618138,2000.0,20260822.0
claude_full,all,nondecisive_B,estimated,226,64,28.31858407079646,22.566371681415927,34.070796460176986,22.845003515073177,34.516909996064136,2000.0,20260935.0
claude_full,all,FEVER_agreement_decisive_B,estimated,162,110,67.90123456790124,59.876543209876544,74.69135802469135,60.3691568049586,74.60400395460658,2000.0,20260822.0
claude_full,all,nondecisive_C,estimated,226,41,18.141592920353983,13.274336283185843,23.008849557522122,13.663690550697222,23.684427261586194,2000.0,20260936.0
claude_full,all,FEVER_agreement_decisive_C,estimated,185,131,70.8108108108108,63.78378378378379,77.29729729729729,63.88941069249421,76.8855337927508,2000.0,20260822.0
claude_full,all,resolved_by_titles,estimated,226,9,3.982300884955752,1.7699115044247788,7.079646017699115,2.1090120102432834,7.393824829721648,2000.0,20260822.0
claude_full,all,resolved_at_C,estimated,226,24,10.619469026548673,6.637168141592921,14.601769911504425,7.240671984948513,15.314640310790706,2000.0,20260822.0
claude_full,all,reversed_after_titles,estimated,226,0,0.0,0.0,0.0,0.0,1.6713515665003582,2000.0,20260822.0
claude_full,all,reversed_at_C,estimated,226,0,0.0,0.0,0.0,0.0,1.6713515665003582,2000.0,20260822.0
claude_full,all,change_A_B,estimated,226,16,7.079646017699115,3.982300884955752,10.619469026548673,4.404435946131394,11.189556106528206,2000.0,20260822.0
claude_full,all,change_B_C,estimated,226,25,11.061946902654867,7.079646017699115,15.486725663716813,7.605823159198893,15.819654166925282,2000.0,20260822.0
claude_full,all,change_A_C,estimated,226,28,12.389380530973451,8.4070796460177,16.8141592920354,8.71256110515263,17.323411312126407,2000.0,20260822.0
claude_full,regression,sentence_only_gold_agreeing,estimated,226,106,46.902654867256636,40.26548672566372,53.53982300884957,40.5025910921243,53.406253695181036,2000.0,20260914.0
claude_full,regression,title_disclosure_gold_agreeing,estimated,226,3,1.3274336283185841,0.0,3.0973451327433628,0.45245561677667473,3.8293910408785408,2000.0,20260915.0
claude_full,regression,structured_disclosure_gold_agreeing,estimated,226,3,1.3274336283185841,0.0,3.0973451327433628,0.45245561677667473,3.8293910408785408,2000.0,20260916.0
claude_full,regression,additional_evidence_gold_agreeing,estimated,226,14,6.1946902654867255,3.5287610619469034,9.734513274336283,3.725555040215023,10.12810695167467,2000.0,20260917.0
claude_full,regression,nonmonotonic_judge_path,estimated,226,5,2.2123893805309733,0.4424778761061947,4.424778761061947,0.9486157107508442,5.073561007674277,2000.0,20260918.0
claude_full,regression,decisive_judge_fever_disagreement,estimated,226,54,23.893805309734514,18.141592920353983,29.646017699115045,18.799910033038863,29.86035317424894,2000.0,20260919.0
claude_full,regression,final_nondecisive,estimated,226,41,18.141592920353983,13.274336283185843,23.451327433628318,13.663690550697222,23.684427261586194,2000.0,20260920.0
claude_full,regression,nondecisive_A,estimated,226,66,29.20353982300885,23.451327433628318,34.95575221238938,23.66247780513322,35.43976576677401,2000.0,20260934.0
claude_full,regression,FEVER_agreement_decisive_A,estimated,160,110,68.75,61.25000000000001,75.625,61.199410114484195,75.42135756618138,2000.0,20260822.0
claude_full,regression,nondecisive_B,estimated,226,64,28.31858407079646,22.566371681415927,34.070796460176986,22.845003515073177,34.516909996064136,2000.0,20260935.0
claude_full,regression,FEVER_agreement_decisive_B,estimated,162,110,67.90123456790124,59.876543209876544,74.69135802469135,60.3691568049586,74.60400395460658,2000.0,20260822.0
claude_full,regression,nondecisive_C,estimated,226,41,18.141592920353983,13.274336283185843,23.008849557522122,13.663690550697222,23.684427261586194,2000.0,20260936.0
claude_full,regression,FEVER_agreement_decisive_C,estimated,185,131,70.8108108108108,63.78378378378379,77.29729729729729,63.88941069249421,76.8855337927508,2000.0,20260822.0
claude_full,regression,resolved_by_titles,estimated,226,9,3.982300884955752,1.7699115044247788,7.079646017699115,2.1090120102432834,7.393824829721648,2000.0,20260822.0
claude_full,regression,resolved_at_C,estimated,226,24,10.619469026548673,6.637168141592921,14.601769911504425,7.240671984948513,15.314640310790706,2000.0,20260822.0
claude_full,regression,reversed_after_titles,estimated,226,0,0.0,0.0,0.0,0.0,1.6713515665003582,2000.0,20260822.0
claude_full,regression,reversed_at_C,estimated,226,0,0.0,0.0,0.0,0.0,1.6713515665003582,2000.0,20260822.0
claude_full,regression,change_A_B,estimated,226,16,7.079646017699115,3.982300884955752,10.619469026548673,4.404435946131394,11.189556106528206,2000.0,20260822.0
claude_full,regression,change_B_C,estimated,226,25,11.061946902654867,7.079646017699115,15.486725663716813,7.605823159198893,15.819654166925282,2000.0,20260822.0
claude_full,regression,change_A_C,estimated,226,28,12.389380530973451,8.4070796460177,16.8141592920354,8.71256110515263,17.323411312126407,2000.0,20260822.0
claude_full,resistant,sentence_only_gold_agreeing,not_estimable_empty_denominator,0,0,,,,,,,
claude_full,resistant,title_disclosure_gold_agreeing,not_estimable_empty_denominator,0,0,,,,,,,
claude_full,resistant,structured_disclosure_gold_agreeing,not_estimable_empty_denominator,0,0,,,,,,,
claude_full,resistant,additional_evidence_gold_agreeing,not_estimable_empty_denominator,0,0,,,,,,,
claude_full,resistant,nonmonotonic_judge_path,not_estimable_empty_denominator,0,0,,,,,,,
claude_full,resistant,decisive_judge_fever_disagreement,not_estimable_empty_denominator,0,0,,,,,,,
claude_full,resistant,final_nondecisive,not_estimable_empty_denominator,0,0,,,,,,,
claude_full,resistant,nondecisive_A,not_estimable_empty_denominator,0,0,,,,,,,
claude_full,resistant,FEVER_agreement_decisive_A,not_estimable_empty_denominator,0,0,,,,,,,
claude_full,resistant,nondecisive_B,not_estimable_empty_denominator,0,0,,,,,,,
claude_full,resistant,FEVER_agreement_decisive_B,not_estimable_empty_denominator,0,0,,,,,,,
claude_full,resistant,nondecisive_C,not_estimable_empty_denominator,0,0,,,,,,,
claude_full,resistant,FEVER_agreement_decisive_C,not_estimable_empty_denominator,0,0,,,,,,,
claude_full,resistant,resolved_by_titles,not_estimable_empty_denominator,0,0,,,,,,,
claude_full,resistant,resolved_at_C,not_estimable_empty_denominator,0,0,,,,,,,
claude_full,resistant,reversed_after_titles,not_estimable_empty_denominator,0,0,,,,,,,
claude_full,resistant,reversed_at_C,not_estimable_empty_denominator,0,0,,,,,,,
claude_full,resistant,change_A_B,not_estimable_empty_denominator,0,0,,,,,,,
claude_full,resistant,change_B_C,not_estimable_empty_denominator,0,0,,,,,,,
claude_full,resistant,change_A_C,not_estimable_empty_denominator,0,0,,,,,,,
claude_full,rescue,sentence_only_gold_agreeing,not_estimable_empty_denominator,0,0,,,,,,,
claude_full,rescue,title_disclosure_gold_agreeing,not_estimable_empty_denominator,0,0,,,,,,,
claude_full,rescue,structured_disclosure_gold_agreeing,not_estimable_empty_denominator,0,0,,,,,,,
claude_full,rescue,additional_evidence_gold_agreeing,not_estimable_empty_denominator,0,0,,,,,,,
claude_full,rescue,nonmonotonic_judge_path,not_estimable_empty_denominator,0,0,,,,,,,
claude_full,rescue,decisive_judge_fever_disagreement,not_estimable_empty_denominator,0,0,,,,,,,
claude_full,rescue,final_nondecisive,not_estimable_empty_denominator,0,0,,,,,,,
claude_full,rescue,nondecisive_A,not_estimable_empty_denominator,0,0,,,,,,,
claude_full,rescue,FEVER_agreement_decisive_A,not_estimable_empty_denominator,0,0,,,,,,,
claude_full,rescue,nondecisive_B,not_estimable_empty_denominator,0,0,,,,,,,
claude_full,rescue,FEVER_agreement_decisive_B,not_estimable_empty_denominator,0,0,,,,,,,
claude_full,rescue,nondecisive_C,not_estimable_empty_denominator,0,0,,,,,,,
claude_full,rescue,FEVER_agreement_decisive_C,not_estimable_empty_denominator,0,0,,,,,,,
claude_full,rescue,resolved_by_titles,not_estimable_empty_denominator,0,0,,,,,,,
claude_full,rescue,resolved_at_C,not_estimable_empty_denominator,0,0,,,,,,,
claude_full,rescue,reversed_after_titles,not_estimable_empty_denominator,0,0,,,,,,,
claude_full,rescue,reversed_at_C,not_estimable_empty_denominator,0,0,,,,,,,
claude_full,rescue,change_A_B,not_estimable_empty_denominator,0,0,,,,,,,
claude_full,rescue,change_B_C,not_estimable_empty_denominator,0,0,,,,,,,
claude_full,rescue,change_A_C,not_estimable_empty_denominator,0,0,,,,,,,
claude_full,robust,sentence_only_gold_agreeing,not_estimable_empty_denominator,0,0,,,,,,,
claude_full,robust,title_disclosure_gold_agreeing,not_estimable_empty_denominator,0,0,,,,,,,
claude_full,robust,structured_disclosure_gold_agreeing,not_estimable_empty_denominator,0,0,,,,,,,
claude_full,robust,additional_evidence_gold_agreeing,not_estimable_empty_denominator,0,0,,,,,,,
claude_full,robust,nonmonotonic_judge_path,not_estimable_empty_denominator,0,0,,,,,,,
claude_full,robust,decisive_judge_fever_disagreement,not_estimable_empty_denominator,0,0,,,,,,,
claude_full,robust,final_nondecisive,not_estimable_empty_denominator,0,0,,,,,,,
claude_full,robust,nondecisive_A,not_estimable_empty_denominator,0,0,,,,,,,
claude_full,robust,FEVER_agreement_decisive_A,not_estimable_empty_denominator,0,0,,,,,,,
claude_full,robust,nondecisive_B,not_estimable_empty_denominator,0,0,,,,,,,
claude_full,robust,FEVER_agreement_decisive_B,not_estimable_empty_denominator,0,0,,,,,,,
claude_full,robust,nondecisive_C,not_estimable_empty_denominator,0,0,,,,,,,
claude_full,robust,FEVER_agreement_decisive_C,not_estimable_empty_denominator,0,0,,,,,,,
claude_full,robust,resolved_by_titles,not_estimable_empty_denominator,0,0,,,,,,,
claude_full,robust,resolved_at_C,not_estimable_empty_denominator,0,0,,,,,,,
claude_full,robust,reversed_after_titles,not_estimable_empty_denominator,0,0,,,,,,,
claude_full,robust,reversed_at_C,not_estimable_empty_denominator,0,0,,,,,,,
claude_full,robust,change_A_B,not_estimable_empty_denominator,0,0,,,,,,,
claude_full,robust,change_B_C,not_estimable_empty_denominator,0,0,,,,,,,
claude_full,robust,change_A_C,not_estimable_empty_denominator,0,0,,,,,,,
claude_full,regression_both,sentence_only_gold_agreeing,estimated,40,7,17.5,7.5,30.0,8.745413744621553,31.949990335640944,2000.0,20260914.0
claude_full,regression_both,title_disclosure_gold_agreeing,estimated,40,0,0.0,0.0,0.0,0.0,8.762160123480768,2000.0,20260915.0
claude_full,regression_both,structured_disclosure_gold_agreeing,estimated,40,0,0.0,0.0,0.0,0.0,8.762160123480768,2000.0,20260916.0
claude_full,regression_both,additional_evidence_gold_agreeing,estimated,40,5,12.5,2.5,22.5,5.459500249917637,26.112119842692945,2000.0,20260917.0
claude_full,regression_both,nonmonotonic_judge_path,estimated,40,1,2.5,0.0,7.5,0.4426831501224311,12.8813689671843,2000.0,20260918.0
claude_full,regression_both,decisive_judge_fever_disagreement,estimated,40,13,32.5,17.5,47.5,20.08450222941666,47.98225381380161,2000.0,20260919.0
claude_full,regression_both,final_nondecisive,estimated,40,14,35.0,20.0,50.0,22.134528870677013,50.49411916636721,2000.0,20260920.0
claude_full,regression_both,nondecisive_A,estimated,40,20,50.0,35.0,65.0,35.19952693029648,64.80047306970353,2000.0,20260934.0
claude_full,regression_both,FEVER_agreement_decisive_A,estimated,20,7,35.0,15.0,55.00000000000001,18.119182407201258,56.71457233628645,2000.0,20260822.0
claude_full,regression_both,nondecisive_B,estimated,40,20,50.0,35.0,65.0,35.19952693029648,64.80047306970353,2000.0,20260935.0
claude_full,regression_both,FEVER_agreement_decisive_B,estimated,20,7,35.0,15.0,55.00000000000001,18.119182407201258,56.71457233628645,2000.0,20260822.0
claude_full,regression_both,nondecisive_C,estimated,40,14,35.0,20.0,50.0,22.134528870677013,50.49411916636721,2000.0,20260936.0
claude_full,regression_both,FEVER_agreement_decisive_C,estimated,26,13,50.0,30.76923076923077,69.23076923076923,32.060593522091125,67.93940647790888,2000.0,20260822.0
claude_full,regression_both,resolved_by_titles,estimated,40,1,2.5,0.0,7.5,0.4426831501224311,12.8813689671843,2000.0,20260822.0
claude_full,regression_both,resolved_at_C,estimated,40,6,15.0,5.0,27.500000000000004,7.0611877160942385,29.072324370342294,2000.0,20260822.0
claude_full,regression_both,reversed_after_titles,estimated,40,0,0.0,0.0,0.0,0.0,8.762160123480768,2000.0,20260822.0
claude_full,regression_both,reversed_at_C,estimated,40,0,0.0,0.0,0.0,0.0,8.762160123480768,2000.0,20260822.0
claude_full,regression_both,change_A_B,estimated,40,2,5.0,0.0,12.5,1.3820667382441711,16.50387737288852,2000.0,20260822.0
claude_full,regression_both,change_B_C,estimated,40,6,15.0,5.0,27.500000000000004,7.0611877160942385,29.072324370342294,2000.0,20260822.0
claude_full,regression_both,change_A_C,estimated,40,7,17.5,7.5,30.0,8.745413744621553,31.949990335640944,2000.0,20260822.0
claude_full,regression_gpt54_only,sentence_only_gold_agreeing,estimated,75,37,49.333333333333336,38.666666666666664,60.0,38.330010245341626,60.401621544664465,2000.0,20260914.0
claude_full,regression_gpt54_only,title_disclosure_gold_agreeing,estimated,75,3,4.0,0.0,9.333333333333334,1.369606425697343,11.112987084722153,2000.0,20260915.0
claude_full,regression_gpt54_only,structured_disclosure_gold_agreeing,estimated,75,1,1.3333333333333335,0.0,4.0,0.23575511382733852,7.173365556616476,2000.0,20260916.0
claude_full,regression_gpt54_only,additional_evidence_gold_agreeing,estimated,75,5,6.666666666666667,1.3333333333333335,12.0,2.8810062894068538,14.675060060988326,2000.0,20260917.0
claude_full,regression_gpt54_only,nonmonotonic_judge_path,estimated,75,2,2.666666666666667,0.0,6.666666666666667,0.7343689004164891,9.211488190015167,2000.0,20260918.0
claude_full,regression_gpt54_only,decisive_judge_fever_disagreement,estimated,75,15,20.0,10.666666666666668,29.333333333333332,12.51214771279816,30.411282837475422,2000.0,20260919.0
claude_full,regression_gpt54_only,final_nondecisive,estimated,75,12,16.0,8.0,25.333333333333336,9.396513602397649,25.916707687912417,2000.0,20260920.0
claude_full,regression_gpt54_only,nondecisive_A,estimated,75,23,30.666666666666664,20.0,41.333333333333336,21.3868670848974,41.830454825278906,2000.0,20260934.0
claude_full,regression_gpt54_only,FEVER_agreement_decisive_A,estimated,52,39,75.0,63.46153846153846,86.53846153846155,61.7935420540846,84.766846138219,2000.0,20260822.0
claude_full,regression_gpt54_only,nondecisive_B,estimated,75,20,26.666666666666668,17.333333333333336,37.333333333333336,17.976313629758277,37.63079902045451,2000.0,20260935.0
claude_full,regression_gpt54_only,FEVER_agreement_decisive_B,estimated,55,41,74.54545454545455,63.63636363636363,85.45454545454545,61.69812871501447,84.18788522874074,2000.0,20260822.0
claude_full,regression_gpt54_only,nondecisive_C,estimated,75,12,16.0,8.0,24.0,9.396513602397649,25.916707687912417,2000.0,20260936.0
claude_full,regression_gpt54_only,FEVER_agreement_decisive_C,estimated,63,48,76.19047619047619,65.07936507936508,85.71428571428571,64.3643398873059,85.0062163233749,2000.0,20260822.0
claude_full,regression_gpt54_only,resolved_by_titles,estimated,75,5,6.666666666666667,1.3333333333333335,12.0,2.8810062894068538,14.675060060988326,2000.0,20260822.0
claude_full,regression_gpt54_only,resolved_at_C,estimated,75,9,12.0,5.333333333333334,20.0,6.443371823014095,21.25964020733245,2000.0,20260822.0
claude_full,regression_gpt54_only,reversed_after_titles,estimated,75,0,0.0,0.0,0.0,3.469446951953614e-16,4.8723842504559745,2000.0,20260822.0
claude_full,regression_gpt54_only,reversed_at_C,estimated,75,0,0.0,0.0,0.0,3.469446951953614e-16,4.8723842504559745,2000.0,20260822.0
claude_full,regression_gpt54_only,change_A_B,estimated,75,7,9.333333333333334,4.0,16.0,4.594852338314144,18.03468685205672,2000.0,20260822.0
claude_full,regression_gpt54_only,change_B_C,estimated,75,10,13.333333333333334,6.666666666666667,21.333333333333336,7.406584703027337,22.833163747307044,2000.0,20260822.0
claude_full,regression_gpt54_only,change_A_C,estimated,75,11,14.666666666666666,6.666666666666667,24.0,8.39171700837337,24.384767861948852,2000.0,20260822.0
claude_full,regression_mini_only,sentence_only_gold_agreeing,estimated,111,62,55.85585585585585,46.846846846846844,64.86486486486487,46.57611253182759,64.7438411968108,2000.0,20260914.0
claude_full,regression_mini_only,title_disclosure_gold_agreeing,estimated,111,0,0.0,0.0,0.0,0.0,3.3450104708566712,2000.0,20260915.0
claude_full,regression_mini_only,structured_disclosure_gold_agreeing,estimated,111,2,1.8018018018018018,0.0,4.504504504504505,0.49551787072019193,6.332555285871375,2000.0,20260916.0
claude_full,regression_mini_only,additional_evidence_gold_agreeing,estimated,111,4,3.6036036036036037,0.9009009009009009,7.207207207207207,1.4101302506318094,8.90100559169465,2000.0,20260917.0
claude_full,regression_mini_only,nonmonotonic_judge_path,estimated,111,2,1.8018018018018018,0.0,4.504504504504505,0.49551787072019193,6.332555285871375,2000.0,20260918.0
claude_full,regression_mini_only,decisive_judge_fever_disagreement,estimated,111,26,23.423423423423422,15.315315315315313,31.53153153153153,16.51566514635647,32.10916023905382,2000.0,20260919.0
claude_full,regression_mini_only,final_nondecisive,estimated,111,15,13.513513513513514,8.108108108108109,19.81981981981982,8.36343967575,21.104540938118383,2000.0,20260920.0
claude_full,regression_mini_only,nondecisive_A,estimated,111,23,20.72072072072072,13.513513513513514,27.950450450450326,14.222917154636797,29.177314202171157,2000.0,20260934.0
claude_full,regression_mini_only,FEVER_agreement_decisive_A,estimated,88,64,72.72727272727273,63.63636363636363,81.81818181818183,62.61879504854026,80.93452010220055,2000.0,20260822.0
claude_full,regression_mini_only,nondecisive_B,estimated,111,24,21.62162162162162,14.414414414414415,28.82882882882883,14.98221189753205,30.159550802143357,2000.0,20260935.0
claude_full,regression_mini_only,FEVER_agreement_decisive_B,estimated,87,62,71.26436781609196,60.91954022988506,80.45977011494253,61.01602906546457,79.71427236254031,2000.0,20260822.0
claude_full,regression_mini_only,nondecisive_C,estimated,111,15,13.513513513513514,7.207207207207207,19.81981981981982,8.36343967575,21.104540938118383,2000.0,20260936.0
claude_full,regression_mini_only,FEVER_agreement_decisive_C,estimated,96,70,72.91666666666666,63.541666666666664,81.25,63.27365269040362,80.79621619865708,2000.0,20260822.0
claude_full,regression_mini_only,resolved_by_titles,estimated,111,3,2.7027027027027026,0.0,6.306306306306306,0.9233638495095848,7.646240649949429,2000.0,20260822.0
claude_full,regression_mini_only,resolved_at_C,estimated,111,9,8.108108108108109,3.6036036036036037,13.513513513513514,4.32420025783023,14.69459229883347,2000.0,20260822.0
claude_full,regression_mini_only,reversed_after_titles,estimated,111,0,0.0,0.0,0.0,0.0,3.3450104708566712,2000.0,20260822.0
claude_full,regression_mini_only,reversed_at_C,estimated,111,0,0.0,0.0,0.0,0.0,3.3450104708566712,2000.0,20260822.0
claude_full,regression_mini_only,change_A_B,estimated,111,7,6.306306306306306,1.8018018018018018,10.81081081081081,3.0880657581412327,12.44766411278757,2000.0,20260822.0
claude_full,regression_mini_only,change_B_C,estimated,111,9,8.108108108108109,3.6036036036036037,13.513513513513514,4.32420025783023,14.69459229883347,2000.0,20260822.0
claude_full,regression_mini_only,change_A_C,estimated,111,10,9.00900900900901,4.481981981981983,14.414414414414415,4.967177161634438,15.793146737896707,2000.0,20260822.0
